Date,Closing,Volume
2020-01-02,72.716064453125,135480400
2020-01-03,72.00910186767578,146322800
2020-01-06,72.58292388916016,118387200
2020-01-07,72.2415542602539,108872000
2020-01-08,73.40365600585938,132079200
2020-01-09,74.9627914428711,170108400
2020-01-10,75.13224792480469,140644800
2020-01-13,76.73741912841797,121532000
2020-01-14,75.70122528076172,161954400
2020-01-15,75.37679290771484,121923600
2020-01-16,76.32100677490234,108829200
2020-01-17,77.16596221923828,137816400
2020-01-21,76.64302062988281,110843200
2020-01-22,76.91659545898438,101832400
2020-01-23,77.28697967529297,104472000
2020-01-24,77.06423950195312,146537600
2020-01-27,74.79816436767578,161940000
2020-01-28,76.91415405273438,162234000
2020-01-29,78.52415466308594,216229200
2020-01-30,78.41036987304688,126743200
2020-01-31,74.9337387084961,199588400
2020-02-03,74.72796630859375,173788400
2020-02-04,77.19499969482422,136616400
2020-02-05,77.82447052001953,118826800
2020-02-06,78.73479461669922,105425600
2020-02-07,77.66455841064453,117684000
2020-02-10,78.03345489501953,109348800
2020-02-11,77.5626449584961,94323200
2020-02-12,79.40458679199219,113730400
2020-02-13,78.8391342163086,94747600
2020-02-14,78.85853576660156,80113600
2020-02-18,77.41460418701172,152531200
2020-02-19,78.53577423095703,93984000
2020-02-20,77.73008728027344,100566000
2020-02-21,75.97066497802734,129554000
2020-02-24,72.36203002929688,222195200
2020-02-25,69.91096496582031,230673600
2020-02-26,71.02001953125,198054800
2020-02-27,66.37757110595703,320605600
2020-02-28,66.33872985839844,426510000
2020-03-02,72.51492309570312,341397200
2020-03-03,70.21189880371094,319475600
2020-03-04,73.4686508178711,219178400
2020-03-05,71.08555603027344,187572800
2020-03-06,70.14152526855469,226176800
2020-03-09,64.59388732910156,286744800
2020-03-10,69.24604034423828,285290000
2020-03-11,66.84107971191406,255598800
2020-03-12,60.24020767211914,418474000
2020-03-13,67.45748138427734,370732000
2020-03-16,58.77928924560547,322423600
2020-03-17,61.36381149291992,324056000
2020-03-18,59.86163330078125,300233600
2020-03-19,59.40297317504883,271857200
2020-03-20,55.63175201416016,401693200
2020-03-23,54.44988632202149,336752800
2020-03-24,59.91259765625,287531200
2020-03-25,59.58255386352539,303602000
2020-03-26,62.71798324584961,252087200
2020-03-27,60.12129974365234,204216800
2020-03-30,61.837032318115234,167976400
2020-03-31,61.710845947265625,197002000
2020-04-01,58.46380615234375,176218400
2020-04-02,59.43937301635742,165934000
2020-04-03,58.585147857666016,129880000
2020-04-06,63.69597244262695,201820400
2020-04-07,62.95820999145508,202887200
2020-04-08,64.56961059570312,168895200
2020-04-09,65.03555297851562,161834800
2020-04-13,66.31205749511719,131022800
2020-04-14,69.66100311279297,194994800
2020-04-15,69.02518463134766,131154400
2020-04-16,69.57366180419922,157125200
2020-04-17,68.62962341308594,215250000
2020-04-20,67.2051010131836,130015200
2020-04-21,65.12776184082031,180991600
2020-04-22,67.0036849975586,116862400
2020-04-23,66.7440185546875,124814400
2020-04-24,68.67089080810547,126161200
2020-04-27,68.71944427490234,117087600
2020-04-28,67.60551452636719,112004800
2020-04-29,69.82604217529297,137280800
2020-04-30,71.29910278320312,183064000
2020-05-01,70.1512222290039,240616800
2020-05-04,71.14379119873047,133568000
2020-05-05,72.21156311035156,147751200
2020-05-06,72.95659637451172,142333600
2020-05-07,73.7113265991211,115215200
2020-05-08,75.46577453613281,133838400
2020-05-11,76.65326690673828,145946400
2020-05-12,75.77725982666016,162301200
2020-05-13,74.86231231689453,200622400
2020-05-14,75.32221221923828,158929200
2020-05-15,74.87691497802734,166348400
2020-05-18,76.64109802246094,135178400
2020-05-19,76.19823455810547,101729600
2020-05-20,77.68013000488281,111504800
2020-05-21,77.10100555419922,102688800
2020-05-22,77.597412109375,81803200
2020-05-26,77.07179260253906,125522000
2020-05-27,77.4075927734375,112945200
2020-05-28,77.44166564941406,133560800
2020-05-29,77.3662109375,153532400
2020-06-01,78.31768798828125,80791200
2020-06-02,78.68025207519531,87642800
2020-06-03,79.1133804321289,104491200
2020-06-04,78.43206024169922,87560400
2020-06-05,80.66584777832031,137250400
2020-06-08,81.14280700683594,95654400
2020-06-09,83.70512390136719,147712400
2020-06-10,85.85865783691406,166651600
2020-06-11,81.73654174804688,201662400
2020-06-12,82.44220733642578,200146000
2020-06-15,83.46179962158203,138808800
2020-06-16,85.67371368408203,165428800
2020-06-17,85.55451202392578,114406400
2020-06-18,85.58856201171875,96820400
2020-06-19,85.09944152832031,264476000
2020-06-22,87.32598114013672,135445200
2020-06-23,89.18992614746094,212155600
2020-06-24,87.61553955078125,192623200
2020-06-25,88.7786865234375,137522400
2020-06-26,86.05088806152344,205256800
2020-06-29,88.03407287597656,130646000
2020-06-30,88.76896667480469,140223200
2020-07-01,88.60102844238281,110737200
2020-07-02,88.60102844238281,114041600
2020-07-06,90.97115325927734,118655600
2020-07-07,90.68887329101562,112424400
2020-07-08,92.80104064941406,117092000
2020-07-09,93.20010375976562,125642800
2020-07-10,93.36314392089844,90257200
2020-07-13,92.93242645263672,191649200
2020-07-14,94.47030639648438,170989200
2020-07-15,95.12002563476562,153198000
2020-07-16,93.9495849609375,110577600
2020-07-17,93.75975036621094,92186800
2020-07-20,95.73567199707033,90318000
2020-07-21,94.4143524169922,103433200
2020-07-22,94.67959594726562,89001600
2020-07-23,90.3701171875,197004400
2020-07-24,90.14622497558594,185438800
2020-07-27,92.28271484375,121214000
2020-07-28,90.76675415039062,103625600
2020-07-29,92.50658416748048,90329200
2020-07-30,93.62593841552734,158130000
2020-07-31,103.42752838134766,374336800
2020-08-03,106.0336456298828,308151200
2020-08-04,106.7417449951172,173071600
2020-08-05,107.12865447998048,121776800
2020-08-06,110.86630249023438,202428800
2020-08-07,108.34566497802734,198045600
2020-08-10,109.9204559326172,212403600
2020-08-11,106.65142059326172,187902400
2020-08-12,110.1959228515625,165598000
2020-08-13,112.14611053466795,210082000
2020-08-14,112.04615020751952,165565200
2020-08-17,111.75363159179688,119561600
2020-08-18,112.6848602294922,105633600
2020-08-19,112.82624816894533,145538000
2020-08-20,115.32980346679688,126907200
2020-08-21,121.27304077148438,338054800
2020-08-24,122.7234878540039,345937600
2020-08-25,121.71671295166016,211495600
2020-08-26,123.37193298339844,163022400
2020-08-27,121.8970947265625,155552400
2020-08-28,121.69964599609376,187630000
2020-08-31,125.82672119140624,225702700
2020-09-01,130.83876037597656,151948100
2020-09-02,128.12794494628906,200119000
2020-09-03,117.86992645263672,257599600
2020-09-04,117.94794464111328,332607200
2020-09-08,110.0106430053711,231366600
2020-09-09,114.39859008789062,176940500
2020-09-10,110.66395568847656,182274400
2020-09-11,109.21107482910156,180860300
2020-09-14,112.48738861083984,140150100
2020-09-15,112.66291046142578,184642000
2020-09-16,109.33781433105467,154679000
2020-09-17,107.59239959716795,178011000
2020-09-18,104.1795425415039,287104900
2020-09-21,107.3388671875,195713800
2020-09-22,109.0257797241211,183055400
2020-09-23,104.45257568359376,150718700
2020-09-24,105.52518463134766,167743300
2020-09-25,109.4840850830078,149981400
2020-09-28,112.09735107421876,137672400
2020-09-29,111.24903106689452,99382200
2020-09-30,112.92619323730467,142675200
2020-10-01,113.88177490234376,116120400
2020-10-02,110.20565032958984,144712000
2020-10-05,113.5989990234375,106243800
2020-10-06,110.34217834472656,161498200
2020-10-07,112.21436309814452,96849000
2020-10-08,112.10710906982422,83477200
2020-10-09,114.05730438232422,100506900
2020-10-12,121.30228424072266,240226800
2020-10-13,118.0844497680664,262330500
2020-10-14,118.17222595214844,150712000
2020-10-15,117.70417022705078,112559200
2020-10-16,116.05623626708984,115393800
2020-10-19,113.09194946289062,120639300
2020-10-20,114.5838623046875,124423700
2020-10-21,113.95979309082033,89946000
2020-10-22,112.86768341064452,101988000
2020-10-23,112.17535400390624,82572600
2020-10-26,112.18511962890624,111850700
2020-10-27,113.6965103149414,92276800
2020-10-28,108.43099212646484,143937800
2020-10-29,112.4483871459961,146129200
2020-10-30,106.14925384521484,190272600
2020-11-02,106.0615005493164,122866900
2020-11-03,107.6899185180664,107624400
2020-11-04,112.0876007080078,138235500
2020-11-05,116.06600952148438,126387100
2020-11-06,115.93415069580078,114457900
2020-11-09,113.6191635131836,154515300
2020-11-10,113.27728271484376,138023400
2020-11-11,116.71556854248048,112295000
2020-11-12,116.44207000732422,103162300
2020-11-13,116.49092864990234,81581900
2020-11-16,117.50677490234376,91183000
2020-11-17,116.61788940429688,74271000
2020-11-18,115.28946685791016,76322100
2020-11-19,115.88531494140624,74113000
2020-11-20,114.61549377441406,73604300
2020-11-23,111.2065200805664,127959300
2020-11-24,112.49586486816406,113874200
2020-11-25,113.3358917236328,76499200
2020-11-27,113.88290405273438,46691300
2020-11-30,116.28578186035156,169410200
2020-12-01,119.87056732177734,127728200
2020-12-02,120.2222137451172,89004200
2020-12-03,120.08545684814452,78967600
2020-12-04,119.41149139404295,78260400
2020-12-07,120.87664794921876,86712000
2020-12-08,121.49199676513672,82225500
2020-12-09,118.952392578125,115089200
2020-12-10,120.37849426269533,81312200
2020-12-11,119.5677719116211,86939800
2020-12-14,118.952392578125,79184500
2020-12-15,124.91075897216795,157243700
2020-12-16,124.8423843383789,98208600
2020-12-17,125.71172332763672,94359800
2020-12-18,123.7190933227539,192541500
2020-12-21,125.25261688232422,121251600
2020-12-22,128.81785583496094,168904800
2020-12-23,127.91924285888672,88223700
2020-12-24,128.90579223632812,54930100
2020-12-28,133.5161895751953,124486200
2020-12-29,131.73849487304688,121047300
2020-12-30,130.6151580810547,96452100
2020-12-31,129.60906982421875,99116600
2021-01-04,126.40524291992188,143301900
2021-01-05,127.9681167602539,97664900
2021-01-06,123.66047668457033,155088000
2021-01-07,127.8801727294922,109578200
2021-01-08,128.98394775390625,105158200
2021-01-11,125.98521423339844,100384500
2021-01-12,125.80940246582033,91951100
2021-01-13,127.85083770751952,88636800
2021-01-14,125.9168472290039,90221800
2021-01-15,124.18791961669922,111598500
2021-01-19,124.86194610595705,90757300
2021-01-20,128.96437072753906,104319500
2021-01-21,133.69203186035156,120150900
2021-01-22,135.84095764160156,114459400
2021-01-25,139.60153198242188,157611700
2021-01-26,139.83599853515625,98390600
2021-01-27,138.761474609375,140843800
2021-01-28,133.9069061279297,142621100
2021-01-29,128.89602661132812,177523800
2021-02-01,131.02542114257812,106239800
2021-02-02,131.8556365966797,83305400
2021-02-03,130.83004760742188,89880900
2021-02-04,134.199951171875,84183100
2021-02-05,133.78419494628906,75693800
2021-02-08,133.93093872070312,71297200
2021-02-09,133.05055236816406,76774200
2021-02-10,132.44400024414062,73046600
2021-02-11,132.18963623046875,64280000
2021-02-12,132.4244384765625,60145100
2021-02-16,130.29185485839844,80576300
2021-02-17,127.99300384521484,97918500
2021-02-18,126.88761901855467,96856700
2021-02-19,127.04410552978516,87668800
2021-02-22,123.25830841064452,103916400
2021-02-23,123.1213836669922,158273000
2021-02-24,122.62246704101562,111039900
2021-02-25,118.3573226928711,148199500
2021-02-26,118.6214599609375,164560400
2021-03-01,125.00938415527344,116307900
2021-03-02,122.39749145507812,102260900
2021-03-03,119.404052734375,112966300
2021-03-04,117.51604461669922,178155000
2021-03-05,118.77796936035156,153766600
2021-03-08,113.82808685302734,154376600
2021-03-09,118.45516204833984,129525800
2021-03-10,117.36931610107422,111943300
2021-03-11,119.30623626708984,103026500
2021-03-12,118.3964614868164,88105100
2021-03-15,121.29204559326172,92403800
2021-03-16,122.83768463134766,115227900
2021-03-17,122.04531860351562,111932600
2021-03-18,117.9073486328125,121229700
2021-03-19,117.37908172607422,185549500
2021-03-22,120.70511627197266,111912300
2021-03-23,119.87362670898438,95467100
2021-03-24,117.47692108154295,88530500
2021-03-25,117.96604919433594,98844700
2021-03-26,118.57256317138672,94071200
2021-03-29,118.74861145019533,80819200
2021-03-30,117.2910614013672,85671900
2021-03-31,119.49210357666016,118323800
2021-04-01,120.3236083984375,75089100
2021-04-05,123.16050720214844,88651200
2021-04-06,123.46376037597656,80171300
2021-04-07,125.1169662475586,83466700
2021-04-08,127.52344512939452,88844600
2021-04-09,130.10601806640625,106686700
2021-04-12,128.38430786132812,91420000
2021-04-13,131.5048828125,91266500
2021-04-14,129.1571044921875,87222800
2021-04-15,131.5733642578125,89347100
2021-04-16,131.24075317382812,84922400
2021-04-19,131.9059600830078,94264200
2021-04-20,130.213623046875,94812300
2021-04-21,130.59512329101562,68847100
2021-04-22,129.06906127929688,84566500
2021-04-23,131.3972930908203,78657500
2021-04-26,131.78858947753906,66905100
2021-04-27,131.4657745361328,66015800
2021-04-28,130.67333984375,107760100
2021-04-29,130.57553100585938,151101000
2021-04-30,128.5994873046875,109839500
2021-05-03,129.656005859375,75135100
2021-05-04,125.06805419921876,137564700
2021-05-05,125.31262969970705,84000900
2021-05-06,126.91696166992188,78128300
2021-05-07,127.59307861328124,78973300
2021-05-10,124.30059814453124,88071200
2021-05-11,123.37950897216795,126142800
2021-05-12,120.30258178710938,112172300
2021-05-13,122.45840454101562,105861300
2021-05-14,124.88854217529295,81918000
2021-05-17,123.73226928710938,74244600
2021-05-18,122.3407974243164,63342900
2021-05-19,122.18402099609376,92612000
2021-05-20,124.75135040283205,76857100
2021-05-21,122.9091339111328,79295400
2021-05-24,124.54557800292967,63092900
2021-05-25,124.34960174560548,72009500
2021-05-26,124.30059814453124,56575900
2021-05-27,122.7621612548828,94625600
2021-05-28,122.10562896728516,71311100
2021-06-01,121.78224182128906,67637100
2021-06-02,122.54657745361328,59278900
2021-06-03,121.05712890625,76229200
2021-06-04,123.35990142822266,75169300
2021-06-07,123.36969757080078,71057600
2021-06-08,124.19281005859376,74403800
2021-06-09,124.5749740600586,56877900
2021-06-10,123.57547760009766,71186400
2021-06-11,124.79056549072266,53522400
2021-06-14,127.857666015625,96906500
2021-06-15,127.03453063964844,62746300
2021-06-16,127.53425598144533,91815000
2021-06-17,129.1413116455078,96721700
2021-06-18,127.83802032470705,108953300
2021-06-21,129.6410675048828,79663300
2021-06-22,131.28732299804688,74783600
2021-06-23,131.01295471191406,60214200
2021-06-24,130.728759765625,68711000
2021-06-25,130.43478393554688,70783700
2021-06-28,132.0712127685547,62111300
2021-06-29,133.5900421142578,64556100
2021-06-30,134.2074432373047,63261400
2021-07-01,134.5111846923828,52485800
2021-07-02,137.1471405029297,78852600
2021-07-06,139.16571044921875,108181800
2021-07-07,141.6644744873047,104911600
2021-07-08,140.3612060546875,105575500
2021-07-09,142.19363403320312,99890800
2021-07-12,141.59588623046875,76299700
2021-07-13,142.7129669189453,100827100
2021-07-14,146.15240478515625,127050800
2021-07-15,145.4958953857422,106820300
2021-07-16,143.4479217529297,93251400
2021-07-19,139.58709716796875,121434600
2021-07-20,143.21273803710938,96350000
2021-07-21,142.47776794433594,74993500
2021-07-22,143.84962463378906,77338200
2021-07-23,145.57424926757812,71447400
2021-07-26,145.9956512451172,72434100
2021-07-27,143.8202362060547,104818600
2021-07-28,142.0662384033203,118931200
2021-07-29,142.7129669189453,56699500
2021-07-30,142.9285430908203,70440600
2021-08-02,142.59536743164062,62880000
2021-08-03,144.39842224121094,64786600
2021-08-04,143.99664306640625,56368300
2021-08-05,144.1044158935547,46397700
2021-08-06,143.41749572753906,54126800
2021-08-09,143.36842346191406,48908700
2021-08-10,142.8875274658203,69023100
2021-08-11,143.1427001953125,48493500
2021-08-12,146.11624145507812,72282600
2021-08-13,146.32232666015625,59375000
2021-08-16,148.30471801757812,103296000
2021-08-17,147.39199829101562,92229700
2021-08-18,143.6333770751953,86326000
2021-08-19,143.96701049804688,86960300
2021-08-20,145.42929077148438,60549600
2021-08-23,146.9209747314453,60131800
2021-08-24,146.8326416015625,48606400
2021-08-25,145.5961151123047,58991300
2021-08-26,144.79136657714844,48597200
2021-08-27,145.8316650390625,55802400
2021-08-30,150.26742553710938,90956700
2021-08-31,149.00146484375,86453100
2021-09-01,149.66880798339844,80313700
2021-09-02,150.78753662109375,71115500
2021-09-03,151.42547607421875,57808700
2021-09-07,153.7709197998047,82278300
2021-09-08,152.22035217285156,74420200
2021-09-09,151.19973754882812,57305700
2021-09-10,146.19473266601562,140893200
2021-09-13,146.76394653320312,102404300
2021-09-14,145.36056518554688,109296300
2021-09-15,146.25363159179688,83281300
2021-09-16,146.01809692382812,68034100
2021-09-17,143.3389892578125,129868800
2021-09-20,140.27711486816406,123478900
2021-09-21,140.75794982910156,75834000
2021-09-22,143.13290405273438,76404300
2021-09-23,144.0946044921875,64838200
2021-09-24,144.18295288085938,53477900
2021-09-27,142.6617889404297,74150700
2021-09-28,139.2662811279297,108972300
2021-09-29,140.16912841796875,74602000
2021-09-30,138.86387634277344,89056700
2021-10-01,139.99244689941406,94639600
2021-10-04,136.54788208007812,98322000
2021-10-05,138.48117065429688,80861100
2021-10-06,139.35458374023438,83221100
2021-10-07,140.62057495117188,61732700
2021-10-08,140.23780822753906,58773200
2021-10-11,140.14952087402344,64452200
2021-10-12,138.87374877929688,73035900
2021-10-13,138.28492736816406,78762700
2021-10-14,141.08181762695312,69907100
2021-10-15,142.1416778564453,67940300
2021-10-18,143.81982421875,85589200
2021-10-19,145.9886474609375,76378900
2021-10-20,146.47935485839844,58418800
2021-10-21,146.6952362060547,61421000
2021-10-22,145.9199676513672,58883400
2021-10-25,145.87088012695312,50720600
2021-10-26,146.53822326660156,60893400
2021-10-27,146.07699584960938,56094900
2021-10-28,149.72767639160156,100077900
2021-10-29,147.00927734375,124953200
2021-11-01,146.1849365234375,74588300
2021-11-02,147.2251739501953,69122000
2021-11-03,148.66778564453125,54511500
2021-11-04,148.14767456054688,60394600
2021-11-05,148.67840576171875,65463900
2021-11-08,147.8528289794922,55020900
2021-11-09,148.2164764404297,56787900
2021-11-10,145.37615966796875,65187100
2021-11-11,145.32704162597656,41000000
2021-11-12,147.4105987548828,63804000
2021-11-15,147.42044067382812,59222800
2021-11-16,148.40321350097656,59256200
2021-11-17,150.8503875732422,88807000
2021-11-18,155.15504455566406,137827700
2021-11-19,157.78897094726562,117305600
2021-11-22,158.25088500976562,117467900
2021-11-23,158.63418579101562,96041900
2021-11-24,159.1551055908203,69463600
2021-11-26,154.11329650878906,76959800
2021-11-29,157.4842987060547,88748200
2021-11-30,162.457275390625,174048100
2021-12-01,161.9364013671875,152052500
2021-12-02,160.9437713623047,136739200
2021-12-03,159.0567626953125,118023100
2021-12-06,162.47695922851562,107497000
2021-12-07,168.2361602783203,120405400
2021-12-08,172.06910705566406,116998900
2021-12-09,171.55801391601562,108923700
2021-12-10,176.36392211914062,115402700
2021-12-13,172.71774291992188,153237000
2021-12-14,171.33197021484375,139380400
2021-12-15,176.21652221679688,131063300
2021-12-16,169.29757690429688,150185800
2021-12-17,168.1968536376953,195432700
2021-12-20,166.83074951171875,107499100
2021-12-21,170.01504516601562,91185900
2021-12-22,172.61947631835938,92135300
2021-12-23,173.2484588623047,68356600
2021-12-27,177.2288055419922,74919600
2021-12-28,176.2066650390625,79144300
2021-12-29,176.29515075683594,62348900
2021-12-30,175.1354217529297,59773000
2021-12-31,174.51629638671875,64062300
2022-01-03,178.87989807128906,104487900
2022-01-04,176.60963439941406,99310400
2022-01-05,171.911865234375,94537600
2022-01-06,169.0420379638672,96904000
2022-01-07,169.20916748046875,86709100
2022-01-10,169.2288055419922,106765600
2022-01-11,172.06910705566406,76138300
2022-01-12,172.5113525390625,74805200
2022-01-13,169.2288055419922,84505800
2022-01-14,170.09368896484375,80440800
2022-01-18,166.87989807128906,90956700
2022-01-19,163.37130737304688,94815000
2022-01-20,161.68084716796875,91420500
2022-01-21,159.61697387695312,122848900
2022-01-24,158.84054565429688,162294600
2022-01-25,157.0322265625,115798400
2022-01-26,156.94374084472656,108275300
2022-01-27,156.48182678222656,121954600
2022-01-28,167.40077209472656,179935700
2022-01-31,171.77426147460938,115541600
2022-02-01,171.607177734375,86213900
2022-02-02,172.81602478027344,84914300
2022-02-03,169.9265899658203,89418100
2022-02-04,169.64122009277344,82465400
2022-02-07,168.9228515625,77251200
2022-02-08,172.04232788085938,74829200
2022-02-09,173.4691619873047,71285000
2022-02-10,169.37551879882812,90865900
2022-02-11,165.95098876953125,98670700
2022-02-14,166.18716430664062,86185500
2022-02-15,170.0348358154297,62527400
2022-02-16,169.79867553710938,61177400
2022-02-17,166.18716430664062,69589300
2022-02-18,164.6323699951172,82772700
2022-02-22,161.69992065429688,91162800
2022-02-23,157.5176544189453,90009200
2022-02-24,160.1450958251953,141147500
2022-02-25,162.221435546875,91974200
2022-02-28,162.48712158203125,95056600
2022-03-01,160.5977783203125,83474400
2022-03-02,163.9041748046875,79724800
2022-03-03,163.57945251464844,76678400
2022-03-04,160.5681915283203,83737200
2022-03-07,156.7599334716797,96418800
2022-03-08,154.92959594726562,131148300
2022-03-09,160.35174560546875,91454900
2022-03-10,155.9923858642578,105342000
2022-03-11,152.26280212402344,96970100
2022-03-14,148.21832275390625,108732100
2022-03-15,152.6170654296875,92964300
2022-03-16,157.04531860351562,102300200
2022-03-17,158.0588836669922,75615400
2022-03-18,161.36532592773438,123511700
2022-03-21,162.74301147460938,95811400
2022-03-22,166.12814331054688,81532000
2022-03-23,167.4959716796875,98062700
2022-03-24,171.29441833496094,90131400
2022-03-25,171.93408203125,80546200
2022-03-28,172.80001831054688,90371900
2022-03-29,176.1064453125,100589400
2022-03-30,174.9354705810547,92633200
2022-03-31,171.82579040527344,103049300
2022-04-01,171.5305938720703,78751300
2022-04-04,175.59474182128906,76468400
2022-04-05,172.2686767578125,73401800
2022-04-06,169.0901641845703,89058800
2022-04-07,169.39520263671875,77594700
2022-04-08,167.37786865234375,76575500
2022-04-11,163.1071014404297,72246700
2022-04-12,164.98666381835938,79265200
2022-04-13,167.68295288085938,70618900
2022-04-14,162.6544189453125,75329400
2022-04-18,162.43792724609375,69023900
2022-04-19,164.73077392578125,67723800
2022-04-20,164.56349182128906,67929800
2022-04-21,163.7664031982422,87227800
2022-04-22,159.2102508544922,84882400
2022-04-25,160.28285217285156,96046400
2022-04-26,154.2998046875,95623200
2022-04-27,154.07347106933594,88063200
2022-04-28,161.03073120117188,130216800
2022-04-29,155.13626098632812,131747600
2022-05-02,155.4412841796875,123055300
2022-05-03,156.9370574951172,88966500
2022-05-04,163.37278747558594,108256500
2022-05-05,154.27032470703125,130525300
2022-05-06,154.9995574951172,116124600
2022-05-09,149.855224609375,131577900
2022-05-10,152.2696990966797,115366700
2022-05-11,144.3758544921875,142689800
2022-05-12,140.49295043945312,182602000
2022-05-13,144.97698974609375,113990900
2022-05-16,143.42979431152344,86643800
2022-05-17,147.0761260986328,78336300
2022-05-18,138.7781982421875,109742900
2022-05-19,135.3585205078125,136095600
2022-05-20,135.59506225585938,137426100
2022-05-23,141.03501892089844,117726300
2022-05-24,138.32489013671875,104132700
2022-05-25,138.48255920410156,92482700
2022-05-26,141.6953125,90601500
2022-05-27,147.47032165527344,90978500
2022-05-31,146.6819305419922,103718400
2022-06-01,146.5538330078125,74286600
2022-06-02,149.01756286621094,72348100
2022-06-03,143.27210998535156,88570300
2022-06-06,144.0210723876953,71598400
2022-06-07,146.5538330078125,67808200
2022-06-08,145.81466674804688,53950200
2022-06-09,140.57183837890625,69473000
2022-06-10,135.14170837402344,91437900
2022-06-13,129.9678192138672,122207100
2022-06-14,130.83506774902344,84784300
2022-06-15,133.4663543701172,91533000
2022-06-16,128.17420959472656,108123900
2022-06-17,129.6524658203125,134520300
2022-06-21,133.89999389648438,81000500
2022-06-22,133.38751220703125,73409200
2022-06-23,136.2651824951172,72433800
2022-06-24,139.60601806640625,89116800
2022-06-27,139.60601806640625,70207900
2022-06-28,135.4472198486328,67083400
2022-06-29,137.21128845214844,66242400
2022-06-30,134.7376251220703,98964500
2022-07-01,136.91561889648438,71051600
2022-07-05,139.50747680664062,73353800
2022-07-06,140.84774780273438,74064300
2022-07-07,144.22804260253906,66253700
2022-07-08,144.9080047607422,64547800
2022-07-11,142.76950073242188,63141600
2022-07-12,143.74513244628906,77588800
2022-07-13,143.38050842285156,71185600
2022-07-14,146.31727600097656,78140700
2022-07-15,147.99261474609375,76259900
2022-07-18,144.93760681152344,81420900
2022-07-19,148.8106231689453,82982400
2022-07-20,150.82102966308594,64823400
2022-07-21,153.09754943847656,65086600
2022-07-22,151.85580444335938,66675400
2022-07-25,150.73231506347656,53623900
2022-07-26,149.4019012451172,55138700
2022-07-27,154.51666259765625,78620700
2022-07-28,155.0685577392578,81378700
2022-07-29,160.15371704101562,101786900
2022-08-01,159.16818237304688,67829400
2022-08-02,157.68994140625,59907000
2022-08-03,163.72125244140625,82507500
2022-08-04,163.40585327148438,55474100
2022-08-05,163.17889404296875,56697000
2022-08-08,162.7052001953125,60276900
2022-08-09,162.7545166015625,63135500
2022-08-10,167.017822265625,70170500
2022-08-11,166.2776641845703,57149200
2022-08-12,169.84027099609375,68039400
2022-08-15,170.9159393310547,54091700
2022-08-16,170.75802612304688,56377100
2022-08-17,172.25807189941406,79542000
2022-08-18,171.86334228515625,62290100
2022-08-19,169.2678680419922,70346300
2022-08-22,165.3697509765625,69026800
2022-08-23,165.03421020507812,54147100
2022-08-24,165.33026123046875,53841500
2022-08-25,167.7974395751953,51218200
2022-08-26,161.47158813476562,78961000
2022-08-29,159.26101684570312,73314000
2022-08-30,156.82347106933594,77906200
2022-08-31,155.1556396484375,87991100
2022-09-01,155.8859405517578,74229900
2022-09-02,153.76414489746094,76957800
2022-09-06,152.50091552734375,73714800
2022-09-07,153.91217041015625,87449600
2022-09-08,152.431884765625,84923800
2022-09-09,155.3036651611328,68028800
2022-09-12,161.28407287597656,104956000
2022-09-13,151.8200225830078,122656600
2022-09-14,153.2707061767578,87965400
2022-09-15,150.3693084716797,90481100
2022-09-16,148.7212371826172,162278800
2022-09-19,152.4516143798828,81474200
2022-09-20,154.83984375,107689800
2022-09-21,151.70159912109375,101696800
2022-09-22,150.7344512939453,86652500
2022-09-23,148.45477294921875,96029900
2022-09-26,148.7903289794922,93339400
2022-09-27,149.76734924316406,84442700
2022-09-28,147.87252807617188,146691400
2022-09-29,140.60916137695312,128138200
2022-09-30,136.38536071777344,124925300
2022-10-03,140.57955932617188,114311700
2022-10-04,144.18165588378906,87830100
2022-10-05,144.47767639160156,79471000
2022-10-06,143.5204315185547,68402200
2022-10-07,138.2505645751953,85925600
2022-10-10,138.57620239257812,74899000
2022-10-11,137.15512084960938,77033700
2022-10-12,136.5235137939453,70433700
2022-10-13,141.11248779296875,113224000
2022-10-14,136.56301879882812,88598000
2022-10-17,140.54010009765625,85250900
2022-10-18,141.86251831054688,99136600
2022-10-19,141.9710693359375,61758300
2022-10-20,141.5072021484375,64522000
2022-10-21,145.3363037109375,86548600
2022-10-24,147.4876708984375,75981900
2022-10-25,150.3397216796875,74732300
2022-10-26,147.38897705078125,88194300
2022-10-27,142.89871215820312,109180200
2022-10-28,153.69508361816406,164762400
2022-10-31,151.32655334472656,97943200
2022-11-01,148.67189025878906,80379300
2022-11-02,143.12570190429688,93604600
2022-11-03,137.0564727783203,97918500
2022-11-04,136.78955078125,140814800
2022-11-07,137.32334899902344,83374600
2022-11-08,137.8966827392578,89908500
2022-11-09,133.3198699951172,74917800
2022-11-10,145.1819610595703,118854000
2022-11-11,147.97943115234375,93979700
2022-11-14,146.57577514648438,73374100
2022-11-15,148.3155517578125,89868300
2022-11-16,147.07989501953125,64218300
2022-11-17,148.9877471923828,80389400
2022-11-18,149.55116271972656,74829600
2022-11-21,146.30886840820312,58724100
2022-11-22,148.45391845703125,51804100
2022-11-23,149.33372497558594,58301400
2022-11-25,146.40771484375,35195900
2022-11-28,142.5624237060547,69246000
2022-11-29,139.5474853515625,83763800
2022-11-30,146.32864379882812,111380900
2022-12-01,146.60543823242188,71250400
2022-12-02,146.11117553710938,65447400
2022-12-05,144.9447479248047,68826400
2022-12-06,141.26748657226562,64727200
2022-12-07,139.3201446533203,69721100
2022-12-08,141.01046752929688,62128300
2022-12-09,140.52610778808594,76097000
2022-12-12,142.82933044433594,70462700
2022-12-13,143.79808044433594,93886200
2022-12-14,141.5640411376953,82291200
2022-12-15,134.93115234375,98931900
2022-12-16,132.9640350341797,160156900
2022-12-19,130.8486328125,79592600
2022-12-20,130.77943420410156,77432800
2022-12-21,133.89321899414062,85928000
2022-12-22,130.71023559570312,77852100
2022-12-23,130.344482421875,63814900
2022-12-27,128.53550720214844,69007800
2022-12-28,124.59138488769533,85438400
2022-12-29,128.12034606933594,75703700
2022-12-30,128.43666076660156,77034200
